,rent_address,min_distance,min_duration,postcode,price
0,3006-31-a-beckett-street-melbourne-vic-3000-16104600,5314.69,592.53,3000,450.0
1,29-400-little-collins-street-melbourne-vic-3000-16022489,4248.62,475.59,3000,400.0
2,1701-620-collins-street-melbourne-vic-3000-16114048,3466.34,377.5,3000,650.0
3,2503-7-katherine-place-melbourne-vic-3000-16096811,3512.92,387.51,3000,415.0
4,g06-501-little-collins-street-melbourne-vic-3000-16096996,3941.12,454.1,3000,425.0
5,816-101-therry-st-melbourne-vic-3000-16068338,5503.84,607.52,3000,820.0
6,501-243-franklin-street-melbourne-vic-3000-16098203,4968.22,568.53,3000,475.0
7,1202-31-spring-street-melbourne-vic-3000-16111139,5115.81,614.32,3000,570.0
8,623-539-st-kilda-road-melbourne-vic-3000-16110078,4639.19,580.83,3000,475.0
9,4010-639-lonsdale-street-melbourne-vic-3000-16091026,3972.13,434.88,3000,650.0
10,313-394-collins-street-melbourne-vic-3000-15401052,4182.16,469.29,3000,500.0
11,312b-399-bourke-street-melbourne-vic-3000-16096996,4465.95,493.42,3000,400.0
12,401-408-lonsdale-street-melbourne-vic-3000-16014585,4700.96,520.5,3000,410.0
13,5707b-639-little-lonsdale-street-melbourne-vic-3000-16111904,4272.13,493.11,3000,570.0
14,1202-620-collins-street-melbourne-vic-3000-16114058,3466.34,377.5,3000,500.0
15,315-118-russell-street-melbourne-vic-3000-16108688,4972.05,577.52,3000,550.0
16,601-8-exploration-lane-melbourne-vic-3000-16081723,5707.46,652.38,3000,530.0
17,101-108-flinders-street-melbourne-vic-3000-16104629,4931.2,584.49,3000,650.0
18,701-101-therry-st-melbourne-vic-3000-16069017,5503.84,607.52,3000,585.0
19,513-118-franklin-street-melbourne-vic-3000-15397839,5474.26,604.33,3000,450.0
20,1713-25-therry-street-melbourne-vic-3000-16097001,5521.11,618.18,3000,500.0
21,703-500-flinders-street-melbourne-vic-3000-16102690,3727.43,429.1,3000,220.0
22,232-538-little-lonsdale-street-melbourne-vic-3000-16094294,4167.67,468.04,3000,780.0
23,7-562-little-bourke-street-melbourne-vic-3000-16094300,4045.99,453.52,3000,380.0
24,3008-288-spencer-street-melbourne-vic-3000-16097762,4277.02,494.28,3000,410.0
25,1309-199-william-street-melbourne-vic-3000-16093914,4426.2,492.5,3000,520.0
26,320-68-la-trobe-street-melbourne-vic-3000-16098385,5920.88,673.08,3000,430.0
27,309-501-little-collins-street-melbourne-vic-3000-16107439,3941.12,454.1,3000,400.0
28,3604-568-collins-street-melbourne-vic-3000-16102990,3617.04,395.58,3000,580.0
29,1411-250-elizabeth-street-melbourne-vic-3000-16092022,4764.33,524.1,3000,520.0
30,33-400-little-collins-street-melbourne-vic-3000-16022489,4248.62,475.59,3000,400.0
31,1003-225-elizabeth-street-melbourne-vic-3000-16111540,4657.0,528.0,3000,575.0
32,1014-22-24-jane-bell-lane-melbourne-vic-3000-16103081,5453.21,614.2,3000,600.0
33,18-29-george-street-east-melbourne-vic-3002-16108770,6457.08,768.58,3002,350.0
34,811v-162-albert-street-east-melbourne-vic-3002-16096094,6711.17,768.89,3002,600.0
35,806-296-victoria-parade-east-melbourne-vic-3002-13799976,6336.05,744.06,3002,1800.0
36,23-102-jolimont-road-east-melbourne-vic-3002-16110025,5611.6,649.12,3002,1300.0
37,29-8-wellington-crescent-east-melbourne-vic-3002-16096702,5416.67,644.78,3002,750.0
38,1-62-simpson-st-east-melbourne-vic-3002-16099921,6974.32,817.03,3002,395.0
39,unit-101m-201-powlett-street-east-melbourne-vic-3002-16109142,6691.48,755.73,3002,490.0
40,p18w-189-powlett-street-east-melbourne-vic-3002-16107539,6846.18,784.7,3002,495.0
41,214-15-31-batman-street-west-melbourne-vic-3003-14585741,4524.73,507.44,3003,400.0
42,5-61-stanley-street-west-melbourne-vic-3003-16105408,4717.77,541.13,3003,395.0
43,2613-65-dudley-street-west-melbourne-vic-3003-16108153,4478.06,507.12,3003,520.0
44,409-41-dryburgh-street-west-melbourne-vic-3003-16113705,5397.33,639.21,3003,550.0
45,260-adderley-street-west-melbourne-vic-3003-16103206,5138.72,597.92,3003,950.0
46,102-9-dryburgh-street-west-melbourne-vic-3003-15235467,5490.36,659.78,3003,550.0
47,407-386-spencer-street-west-melbourne-vic-3003-16106534,4331.06,481.22,3003,450.0
48,6-18-ireland-street-west-melbourne-vic-3003-16093709,5073.89,591.69,3003,750.0
49,19-32-queens-road-melbourne-vic-3004-16099040,4012.94,521.48,3004,525.0
50,1310-450-st-kilda-road-melbourne-vic-3004-16099990,3567.69,497.63,3004,620.0
51,507-23-queens-road-melbourne-vic-3004-16098966,3847.79,514.51,3004,575.0
52,32-632-st-kilda-road-melbourne-vic-3004-16091641,5539.74,606.23,3004,700.0
53,1402-82-queens-rd-melbourne-vic-3004-16099647,5482.5,597.98,3004,520.0
54,906-14-queens-road-melbourne-vic-3004-16104224,3569.69,497.92,3004,500.0
55,1011-77-queens-road-melbourne-vic-3004-16109866,5522.48,603.74,3004,590.0
56,702-74-queens-road-melbourne-vic-3004-16113717,5785.15,607.65,3004,530.0
57,3201-245-city-road-southbank-vic-3006-16094069,2277.29,293.11,3006,575.0
58,3511-151-city-road-southbank-vic-3006-16094411,2729.46,359.03,3006,530.0
59,56-28-southgate-avenue-southbank-vic-3006-16107621,3456.9,485.57,3006,550.0
60,2902-250-city-road-southbank-vic-3006-16111286,3030.24,332.41,3006,450.0
61,106-8-wells-st-southbank-vic-3006-16110505,3084.6,465.93,3006,1200.0
62,1204-33-clarke-street-southbank-vic-3006-16093367,2339.17,304.49,3006,350.0
63,3-100-coventry-street-southbank-vic-3006-16111756,2570.67,355.17,3006,520.0
64,808-250-city-road-southbank-vic-3006-16103830,3030.24,332.41,3006,575.0
65,2512-70-southbank-boulevard-southbank-vic-3006-16097066,2978.8,398.43,3006,600.0
66,1005-285-city-road-southbank-vic-3006-16111246,2162.03,274.79,3006,450.0
67,3104-45-clarke-street-southbank-vic-3006-14397368,2308.11,300.34,3006,590.0
68,4008-45-clarke-street-southbank-vic-3006-16098289,2308.11,300.34,3006,650.0
69,1108-81-south-wharf-drive-docklands-vic-3008-16107733,3033.1,345.61,3008,520.0
70,312-57-spencer-street-docklands-vic-3008-16108605,3566.02,396.96,3008,600.0
71,801-8-joseph-road-footscray-vic-3011-16109999,8677.85,978.58,3011,475.0
72,808-2-joseph-road-footscray-vic-3011-15874277,8551.68,963.44,3011,390.0
73,1109-2-joseph-road-footscray-vic-3011-15421439,8551.68,963.44,3011,530.0
74,9-67-ballarat-rd-footscray-vic-3011-16098677,10214.7,1141.38,3011,370.0
75,801-8-joseph-road-footscray-vic-3011-16109999,8677.85,978.58,3011,475.0
76,1605-6-joseph-road-footscray-vic-3011-16109994,8669.32,977.56,3011,520.0
77,6-217-buckley-street-seddon-vic-3011-16104892,11160.82,1014.8,3011,370.0
78,1412-4-joseph-road-footscray-vic-3011-16106028,8623.64,972.08,3011,400.0
79,1806-8-joseph-road-footscray-vic-3011-16109988,8677.85,978.58,3011,690.0
80,512-4-joseph-rd-footscray-vic-3011-15583218,8623.64,972.08,3011,520.0
81,1404-4-joseph-road-footscray-vic-3011-15362715,8623.64,972.08,3011,410.0
82,1108-2-joseph-road-footscray-vic-3011-16113701,8551.68,963.44,3011,405.0
83,1508-6-joseph-road-footscray-vic-3011-16091829,8669.32,977.56,3011,400.0
84,15-99-109-creswick-street-footscray-vic-3011-16105427,12135.18,1100.6,3011,280.0
85,1107-6-joseph-road-footscray-vic-3011-16104041,8669.32,977.56,3011,500.0
86,210-12-napier-street-footscray-vic-3011-16100855,8221.3,894.18,3011,630.0
87,1107-6-joseph-road-footscray-vic-3011-16104041,8669.32,977.56,3011,500.0
88,7-regent-street-yarraville-vic-3013-16096035,10259.25,920.87,3013,600.0
89,20-illawarra-street-williamstown-vic-3016-16104991,14049.46,1300.19,3016,595.0
90,3-107-park-crescent-williamstown-north-vic-3016-16108944,12464.71,1169.87,3016,500.0
91,51-spearmint-boulevard-manor-lakes-vic-3024-13582212,38742.54,2565.23,3024,400.0
92,74-myers-parade-altona-meadows-vic-3028-16094320,23030.47,1490.28,3028,440.0
93,30-390-queen-street-altona-meadows-vic-3028-16110953,22190.67,1378.01,3028,380.0
94,36a-featherby-way-altona-meadows-vic-3028-16110093,24435.21,1611.08,3028,395.0
95,207-79-merton-street-altona-meadows-vic-3028-16107073,22174.99,1382.18,3028,350.0
96,10-talliver-terrace-truganina-vic-3029-16111383,24795.47,1631.52,3029,370.0
97,106-stratus-street-tarneit-vic-3029-16100986,32312.6,2172.07,3029,480.0
98,1-3-weebill-court-werribee-vic-3030-14233278,30029.14,1796.12,3030,380.0
99,5-48-farnham-street-flemington-vic-3031-16103716,9490.33,972.0,3031,310.0
100,913-1-ascot-vale-road-flemington-vic-3031-14811213,9670.7,959.97,3031,420.0
101,104-71-89-hobsons-road-kensington-vic-3031-16111222,8975.62,998.73,3031,375.0
102,1001b-2-wests-road-maribyrnong-vic-3032-16110067,14430.59,1423.01,3032,360.0
103,207-8-burrowes-street-ascot-vale-vic-3032-16105755,10754.67,1075.36,3032,450.0
104,307-55-cumberland-drive-maribyrnong-vic-3032-16107543,11557.01,1295.03,3032,470.0
105,712-68-wests-road-maribyrnong-vic-3032-16093377,14074.33,1389.19,3032,360.0
106,704-68-wests-road-maribyrnong-vic-3032-16092164,14074.33,1389.19,3032,475.0
107,3-fortelny-way-moonee-ponds-vic-3039-16103083,12729.82,1272.51,3039,495.0
108,25-maple-walk-moonee-ponds-vic-3039-16097397,11594.92,1160.67,3039,850.0
109,10-8-eddy-strret-moonee-ponds-vic-3039-16096123,11874.2,1202.88,3039,330.0
110,12-8-10-lincoln-road-essendon-vic-3040-16091133,13749.5,1335.13,3040,750.0
111,1-8-10-lincoln-road-essendon-vic-3040-16095553,13749.5,1335.13,3040,620.0
112,6-5-winifred-essendon-vic-3040-16105691,15355.55,1380.95,3040,500.0
113,4-8-10-lincoln-road-essendon-vic-3040-16098657,13749.5,1335.13,3040,620.0
114,51-carrington-road-niddrie-vic-3042-16112270,17723.06,1625.94,3042,900.0
115,2-6-8-keogh-court-pascoe-vale-vic-3044-16099318,16390.44,1503.36,3044,450.0
116,7-55-pleasant-street-pascoe-vale-vic-3044-15507181,16167.59,1494.31,3044,400.0
117,20a-park-street-pascoe-vale-vic-3044-16100660,15363.12,1342.86,3044,480.0
118,72-austin-crescent-pascoe-vale-vic-3044-16108578,16502.68,1516.8,3044,550.0
119,1-255-derby-street-pascoe-vale-vic-3044-15378014,17306.81,1582.29,3044,440.0
120,1b-hazel-grove-pascoe-vale-vic-3044-16098940,15046.23,1363.19,3044,445.0
121,2-12-sylvester-street-oak-park-vic-3046-16105234,16780.66,1594.06,3046,525.0
122,2-14-gregory-street-oak-park-vic-3046-16095581,16650.24,1562.76,3046,550.0
123,4-19-chapman-street-north-melbourne-vic-3051-16112887,6669.79,760.03,3051,380.0
124,17-352-victoria-street-north-melbourne-vic-3051-16112376,5408.82,625.42,3051,450.0
125,494-abbotsford-street-north-melbourne-vic-3051-16093609,6736.83,733.23,3051,1295.0
126,101-96-curzon-street-north-melbourne-vic-3051-16099695,5737.35,643.88,3051,320.0
127,502-46-villiers-street-north-melbourne-vic-3051-16091326,6410.45,715.93,3051,370.0
128,27-carroll-street-north-melbourne-vic-3051-16104463,7052.09,789.44,3051,1050.0
129,109-380-queensberry-street-north-melbourne-vic-3051-14961044,5638.18,661.19,3051,550.0
130,104-16-cobden-street-north-melbourne-vic-3051-16096636,5725.55,640.8,3051,600.0
131,210-445-royal-parade-parkville-vic-3052-16105650,8313.48,913.69,3052,370.0
132,12-283-royal-parade-parkville-vic-3052-16096882,7917.37,875.38,3052,420.0
133,815-91-galada-avenue-parkville-vic-3052-16108978,9675.73,961.91,3052,480.0
134,17-228-the-avenue-parkville-vic-3052-16104553,8349.0,920.09,3052,330.0
135,21-361-royal-parade-parkville-vic-3052-16104740,8143.2,883.04,3052,380.0
136,706-111-leicester-street-carlton-vic-3053-16108027,6166.78,708.16,3053,500.0
137,37-109-lygon-street-carlton-vic-3053-16105252,6040.41,676.51,3053,250.0
138,112-124-palmerston-street-carlton-vic-3053-16103862,7416.28,834.53,3053,500.0
139,10-21-university-street-carlton-vic-3053-10308643,6760.35,758.12,3053,525.0
140,11-406-cardigan-street-carlton-vic-3053-16107251,7341.77,797.04,3053,780.0
141,108-139-143-bouverie-street-carlton-vic-3053-16100726,6202.72,698.7,3053,260.0
142,1-43-barkly-street-carlton-vic-3053-16114029,6831.12,775.08,3053,460.0
143,159-richardson-street-carlton-north-vic-3054-16096889,8369.1,924.29,3054,580.0
144,29-1066-lygon-street-carlton-north-vic-3054-16099369,8648.62,935.29,3054,750.0
145,24-macpherson-street-carlton-north-vic-3054-16092806,8743.54,961.46,3054,650.0
146,10-sutton-street-carlton-north-vic-3054-16097594,8164.81,895.15,3054,625.0
147,5-548-moreland-road-brunswick-west-vic-3055-16109592,12546.31,1100.54,3055,260.0
148,12-39-heller-street-brunswick-west-vic-3055-16112167,10550.95,1027.96,3055,325.0
149,19-552-moreland-road-brunswick-west-vic-3055-16112090,12515.58,1097.78,3055,260.0
150,2-28-millward-street-brunswick-west-vic-3055-16103927,10488.23,1027.25,3055,595.0
151,804-1-olive-york-way-brunswick-west-vic-3055-15357145,13505.39,1216.34,3055,460.0
152,1-3-guthrie-street-brunswick-west-vic-3055-16103784,10365.64,1016.97,3055,320.0
153,6-230-dawson-street-brunswick-west-vic-3055-16103397,11279.28,1115.19,3055,375.0
154,10-55-heller-street-brunswick-west-vic-3055-16099137,10356.79,1030.48,3055,330.0
155,5-490-492-moreland-road-brunswick-west-vic-3055-16091467,12500.54,1096.18,3055,395.0
156,14-116-albert-street-brunswick-vic-3056-16099340,9924.65,1047.77,3056,395.0
157,110-brunswick-road-brunswick-vic-3056-16103107,9378.93,984.16,3056,570.0
158,1-339-brunswick-road-brunswick-vic-3056-16096511,9350.11,987.26,3056,740.0
159,71-amelia-street-brunswick-vic-3056-16111322,9622.26,1014.8,3056,800.0
160,208-611-sydney-road-brunswick-vic-3056-15144017,10432.41,1137.73,3056,420.0
161,2b-donald-street-brunswick-vic-3056-16094762,11045.09,1202.22,3056,650.0
162,42-cassels-road-brunswick-vic-3056-16110238,11392.37,1266.73,3056,730.0
163,7-walters-street-brunswick-vic-3056-16101017,11367.59,1227.13,3056,700.0
164,3-allan-street-brunswick-vic-3056-16091524,9890.22,1044.75,3056,850.0
165,213-albert-street-brunswick-vic-3056-16112143,9964.74,1083.64,3056,550.0
166,2-horne-street-brunswick-vic-3056-16107121,9808.57,1040.83,3056,1050.0
167,476b-sydney-road-brunswick-vic-3056-16101831,9966.13,1081.23,3056,1100.0
168,399-brunswick-road-brunswick-vic-3056-16091358,9850.01,1033.31,3056,1200.0
169,8-jenkin-street-brunswick-vic-3056-16107288,9848.58,1056.61,3056,925.0
170,2-53-evans-street-brunswick-vic-3056-16092503,10086.22,1073.68,3056,550.0
171,4-653-park-street-brunswick-vic-3056-16109007,9241.41,971.56,3056,380.0
172,3-138-mitchell-street-brunswick-vic-3056-16104854,11200.44,1181.52,3056,350.0
173,1-80-mitchell-street-brunswick-vic-3056-16104131,11288.53,1160.14,3056,460.0
174,116-288-albert-street-brunswick-vic-3056-16113457,9835.02,1064.96,3056,350.0
175,306-267-277-lygon-street-brunswick-vic-3056-16099911,9826.27,1036.79,3056,600.0
176,306-63-lygon-street-brunswick-east-vic-3057-16104850,9085.64,980.05,3057,420.0
177,106-273-lygon-street-brunswick-east-vic-3057-16095784,9826.27,1036.79,3057,575.0
178,4-162-lygon-street-brunswick-east-vic-3057-16101848,9518.06,1013.42,3057,440.0
179,204-294-lygon-street-brunswick-east-vic-3057-15429522,9956.67,1051.86,3057,575.0
180,46-nicholson-street-brunswick-east-vic-3057-16112281,9907.34,1086.67,3057,780.0
181,101-392-lygon-street-brunswick-east-vic-3057-16095591,10323.84,1080.18,3057,400.0
182,313-1-brunswick-road-brunswick-east-vic-3057-16099118,9282.21,1018.97,3057,380.0
183,5-31-33-o-connor-street-brunswick-east-vic-3057-16109350,9790.11,1045.96,3057,900.0
184,4-31-33-o-connor-street-brunswick-east-vic-3057-16109419,9790.11,1045.96,3057,650.0
185,45-victoria-street-brunswick-east-vic-3057-16105604,10500.67,1160.33,3057,550.0
186,2-parkview-avenue-brunswick-east-vic-3057-16108388,11440.83,1199.65,3057,525.0
187,147-stewart-st-brunswick-east-vic-3057-16108585,10683.71,1119.84,3057,610.0
188,714-11-urquhart-street-coburg-vic-3058-16097143,14233.28,1489.58,3058,450.0
189,177-urquhart-street-coburg-vic-3058-16099429,13382.92,1398.34,3058,600.0
190,1-flinders-street-coburg-vic-3058-15138487,15557.25,1376.15,3058,430.0
191,4-18-loch-street-coburg-vic-3058-16092618,15200.19,1332.0,3058,540.0
192,413-11-urquhart-street-coburg-vic-3058-15467995,14233.28,1489.58,3058,450.0
193,46-mutton-road-fawkner-vic-3060-15915330,19940.34,1763.45,3060,450.0
194,27-rocco-avenue-donnybrook-vic-3064-16098102,44991.43,3006.36,3064,440.0
195,33-bell-street-fitzroy-vic-3065-16110446,6969.02,805.6,3065,1350.0
196,14-65-george-street-fitzroy-vic-3065-16109661,6576.13,789.06,3065,330.0
197,g05-237-napier-street-fitzroy-vic-3065-16099451,7034.49,884.65,3065,595.0
198,706-75-wellington-street-collingwood-vic-3066-15210408,7027.88,796.74,3066,600.0
199,207g-31-napoleon-street-collingwood-vic-3066-16108865,7866.43,891.41,3066,410.0
200,3-15-17-bendigo-street-collingwood-vic-3066-16108579,8888.3,1020.05,3066,350.0
201,207-6-mater-street-collingwood-vic-3066-16091253,8118.1,968.74,3066,550.0
202,106-35-victoria-parade-collingwood-vic-3066-16093671,6584.97,756.82,3066,500.0
203,11g-21-northumberland-street-collingwood-vic-3066-16110786,7002.51,804.29,3066,550.0
204,206-470-smith-street-collingwood-vic-3066-16095724,8056.53,949.99,3066,430.0
205,1008-68-cambridge-street-collingwood-vic-3066-16096565,6995.33,799.72,3066,500.0
206,1-127-cambridge-street-collingwood-vic-3066-16091234,7408.52,860.43,3066,900.0
207,47-bedford-street-collingwood-vic-3066-16105364,7347.11,874.24,3066,550.0
208,303-11-hoddle-street-collingwood-vic-3066-16093268,7709.76,874.65,3066,390.0
209,13-trenerry-crescent-abbotsford-vic-3067-14338216,9108.42,1016.95,3067,1080.0
210,1108-20-shamrock-street-abbotsford-vic-3067-15091677,8782.62,1020.99,3067,530.0
211,12-valiant-street-abbotsford-vic-3067-16098146,8781.39,1005.26,3067,975.0
212,114-4-acacia-place-abbotsford-vic-3067-16097009,11104.7,1027.79,3067,475.0
213,722-627-victoria-street-abbotsford-vic-3067-16102907,10938.03,1020.62,3067,400.0
214,814-4-acacia-place-abbotsford-vic-3067-16097710,11104.7,1027.79,3067,380.0
215,201a-8-grosvenor-street-abbotsford-vic-3067-16093576,8625.54,983.29,3067,410.0
216,71-84-trenerry-crescent-abbotsford-vic-3067-16110976,9327.93,1039.53,3067,550.0
217,6-241-nicholson-street-abbotsford-vic-3067-11018248,8708.18,976.86,3067,340.0
218,406-631-victoria-street-abbotsford-vic-3067-16102921,10838.17,995.73,3067,650.0
219,608-627-victoria-street-abbotsford-vic-3067-16112055,10938.03,1020.62,3067,450.0
220,114-4-acacia-place-abbotsford-vic-3067-16097009,11104.7,1027.79,3067,475.0
221,c306-11-shamrock-street-abbotsford-vic-3067-16103805,8752.05,1013.66,3067,550.0
222,15-queen-street-fitzroy-north-vic-3068-16098797,9909.14,1108.25,3068,635.0
223,103-38-nicholson-street-fitzroy-north-vic-3068-16097154,9806.57,1075.88,3068,375.0
224,g2-26-nicholson-street-fitzroy-north-vic-3068-16108768,9715.62,1065.3,3068,590.0
225,45-mckean-street-fitzroy-north-vic-3068-16092855,8756.36,1059.82,3068,550.0
226,304-38-nicholson-street-fitzroy-north-vic-3068-16098711,9806.57,1075.88,3068,550.0
227,478-wellington-street-clifton-hill-vic-3068-16105769,8861.19,1021.87,3068,480.0
228,48-clifton-avenue-clifton-hill-vic-3068-16092358,9654.91,1163.02,3068,650.0
229,108a-queens-parade-fitzroy-north-vic-3068-16113014,8556.99,1011.97,3068,650.0
230,304-11-reid-street-fitzroy-north-vic-3068-16098276,8630.39,952.33,3068,450.0
231,02-378-st-georges-road-fitzroy-north-vic-3068-16111995,9818.68,1008.15,3068,450.0
232,207-2-6-mccutcheon-street-northcote-vic-3070-15874383,11862.69,1214.0,3070,500.0
233,67-clarke-street-northcote-vic-3070-16092703,10309.32,1064.83,3070,650.0
234,6-22-french-avenue-northcote-vic-3070-16099680,12988.29,1333.42,3070,680.0
235,2-274-st-georges-road-northcote-vic-3070-16113021,11687.67,1161.59,3070,570.0
236,8-133-clarke-street-northcote-vic-3070-16091779,10517.0,1120.1,3070,340.0
237,202-2-separation-street-northcote-vic-3070-16099480,11726.5,1199.32,3070,460.0
238,g04-66-waterloo-road-northcote-vic-3070-16108577,11983.76,1325.51,3070,520.0
239,9a-spencer-street-northcote-vic-3070-16103679,11916.9,1203.75,3070,645.0
240,29-turnball-grove-northcote-vic-3070-16110278,11675.11,1208.18,3070,610.0
241,8-victoria-road-northcote-vic-3070-16093432,12177.39,1265.88,3070,680.0
242,121-5-beavers-road-northcote-vic-3070-16088994,11837.03,1229.74,3070,485.0
243,118-normanby-avenue-thornbury-vic-3071-16109205,12453.29,1221.23,3071,750.0
244,4-86-normanby-avenue-thornbury-vic-3071-16108540,12232.09,1205.31,3071,560.0
245,348-gooch-street-thornbury-vic-3071-16099884,15288.33,1526.71,3071,700.0
246,47-speight-street-thornbury-vic-3071-16094346,13487.55,1362.04,3071,730.0
247,59-comas-grove-thornbury-vic-3071-16108541,13704.28,1324.51,3071,740.0
248,13-58-clarendon-street-thornbury-vic-3071-16101018,13040.31,1326.8,3071,400.0
249,3-291-rathmines-street-thornbury-vic-3071-16091151,14087.66,1389.29,3071,680.0
250,8-52-pender-street-thornbury-vic-3071-16113012,14371.83,1412.14,3071,260.0
251,13-fenwick-street-thornbury-vic-3071-16108011,13153.76,1321.62,3071,630.0
252,16-rossmoyne-street-thornbury-vic-3071-16107643,13080.56,1275.04,3071,670.0
253,110-raglan-street-preston-vic-3072-16103893,15278.93,1439.94,3072,595.0
254,4-492-plenty-road-preston-vic-3072-16103925,15376.77,1474.11,3072,500.0
255,78-oakover-road-preston-vic-3072-16096755,13607.92,1380.82,3072,1200.0
256,19-122-high-street-preston-vic-3072-16112735,14197.33,1346.12,3072,450.0
257,2-123-cheddar-road-reservoir-vic-3073-16106073,18990.38,1782.35,3073,425.0
258,10-949-high-street-reservoir-vic-3073-15297144,17914.96,1720.06,3073,490.0
259,1-125-henty-street-reservoir-vic-3073-16113414,17321.41,1671.74,3073,450.0
260,1-24-charlton-cres-reservoir-vic-3073-16109817,18273.2,1783.09,3073,425.0
261,24-6-hensley-road-lalor-vic-3075-16093487,23564.27,2214.45,3075,450.0
262,1-150-grange-road-alphington-vic-3078-16099545,14255.23,1478.91,3078,320.0
263,3-43-gillies-street-fairfield-vic-3078-16100715,14510.5,1438.29,3078,290.0
264,23-palm-street-fairfield-vic-3078-16099457,13903.91,1445.75,3078,890.0
265,201-21-mills-boulevard-alphington-vic-3078-16094987,13359.11,1351.56,3078,540.0
266,3-91-livingstone-street-ivanhoe-vic-3079-16097930,15283.24,1505.83,3079,365.0
267,4-74-darebin-st-heidelberg-vic-3084-16113528,19670.53,1757.52,3084,450.0
268,9-182-hawdon-street-heidelberg-vic-3084-16105331,19928.79,1793.96,3084,670.0
269,level-2-5-9-martin-street-heidelberg-vic-3084-16103734,19769.8,1746.39,3084,440.0
270,g09-59-earl-street-kew-vic-3101-14910454,12727.4,1234.38,3101,395.0
271,3-1a-wimba-avenue-kew-vic-3101-16100819,14169.75,1308.34,3101,475.0
272,3-92-brougham-street-kew-vic-3101-16092388,13149.83,1254.96,3101,1200.0
273,2-grace-court-kew-vic-3101-16095943,12859.86,1258.62,3101,920.0
274,21-high-street-kew-vic-3101-16111438,11736.37,1077.99,3101,700.0
275,4-92-brougham-street-kew-vic-3101-16092405,13152.19,1255.3,3101,1100.0
276,1-12-stawell-street-kew-vic-3101-16108050,12880.04,1215.57,3101,700.0
277,9-39-studley-park-rd-kew-vic-3101-16110655,12634.64,1165.14,3101,595.0
278,9-39-studley-park-rd-kew-vic-3101-16110655,12634.64,1165.14,3101,595.0
279,5-33-parkhill-road-kew-vic-3101-16112182,14262.21,1314.82,3101,650.0
280,19-asquith-street-kew-vic-3101-16113258,13581.95,1311.61,3101,720.0
281,21-findon-crescent-kew-vic-3101-16113943,11904.3,1106.21,3101,1600.0
282,4-15-munro-st-kew-east-vic-3102-16103832,16227.97,1387.69,3102,550.0
283,46-elm-grove-kew-east-vic-3102-16099817,14674.08,1484.0,3102,720.0
284,105-18-cadow-street-kew-east-vic-3102-16104932,14981.39,1416.83,3102,475.0
285,6-8-clyde-street-kew-east-vic-3102-16106556,15063.11,1425.69,3102,400.0
286,3-17-munro-st-kew-east-vic-3102-16104263,16210.21,1385.14,3102,900.0
287,6-eyre-st-balwyn-vic-3103-16095631,15759.08,1443.83,3103,1300.0
288,128-gordon-street-balwyn-vic-3103-16091813,16767.27,1511.47,3103,1100.0
289,44-elliott-ave-balwyn-vic-3103-16105752,16838.44,1514.31,3103,590.0
290,63-monash-ave-balwyn-vic-3103-16111877,16903.5,1519.73,3103,800.0
291,2-bennett-street-deepdene-vic-3103-16104504,15688.24,1442.07,3103,1175.0
292,110-182-whitehorse-road-balwyn-vic-3103-15840276,16322.04,1468.92,3103,360.0
293,101-20-weir-street-balwyn-vic-3103-16106435,16807.28,1532.29,3103,400.0
294,23-bolinda-road-balwyn-north-vic-3104-16098242,18281.89,1599.56,3104,600.0
295,10-208-210-high-street-templestowe-lower-vic-3107-16091613,20544.85,1693.03,3107,400.0
296,717-101-tram-road-doncaster-vic-3108-16103524,22366.57,1662.19,3108,500.0
297,1-383-serpells-road-doncaster-east-vic-3109-16111336,29160.32,2086.26,3109,600.0
298,21-872-874-doncaster-road-doncaster-east-vic-3109-16093627,24747.8,1760.31,3109,365.0
299,211-7-red-hill-terrace-doncaster-east-vic-3109-16092464,29549.95,2142.09,3109,440.0
300,50-thea-grove-doncaster-east-vic-3109-16094598,25646.83,1811.02,3109,480.0
301,205-1-redhill-terrace-doncaster-east-vic-3109-16094041,29476.82,2124.55,3109,500.0
302,218-71-abinger-street-richmond-vic-3121-16094828,10143.21,901.66,3121,575.0
303,6-183-coppin-street-richmond-vic-3121-16105773,9628.73,850.72,3121,340.0
304,3-52-baker-street-richmond-vic-3121-16098254,8580.81,1003.07,3121,400.0
305,4-82-buckingham-street-richmond-vic-3121-16109770,8150.95,966.37,3121,450.0
306,98a-stawell-street-richmond-vic-3121-16104417,9465.72,840.96,3121,525.0
307,2-7-jika-place-richmond-vic-3121-16096685,6869.05,822.36,3121,540.0
308,3-17-moorhouse-street-richmond-vic-3121-13330833,6584.13,790.37,3121,650.0
309,19-canterbury-street-richmond-vic-3121-16096668,9508.27,853.2,3121,700.0
310,11-shamrock-street-richmond-vic-3121-16091440,7073.2,856.98,3121,695.0
311,308-71-canterbury-street-richmond-vic-3121-14973757,9193.84,822.78,3121,515.0
312,69-brighton-street-richmond-vic-3121-16096202,6775.43,834.58,3121,650.0
313,17-6-adam-street-richmond-vic-3121-16100713,8748.01,771.15,3121,325.0
314,21-dover-street-richmond-vic-3121-16103850,6308.63,812.57,3121,650.0
315,104-71-abinger-street-richmond-vic-3121-16096988,10143.21,901.66,3121,500.0
316,79-buckingham-street-richmond-vic-3121-16100639,8146.44,965.55,3121,850.0
317,75-cutter-street-richmond-vic-3121-16105791,9465.45,858.27,3121,750.0
318,5-lightfoot-street-richmond-vic-3121-10274422,10098.3,941.57,3121,650.0
319,158-burnley-street-richmond-vic-3121-13706826,10396.03,965.16,3121,825.0
320,15-gibdon-street-burnley-vic-3121-16105787,8453.9,735.88,3121,770.0
321,402-77-abinger-street-richmond-vic-3121-16110511,10157.63,905.12,3121,640.0
322,5-4-little-buckingham-street-richmond-vic-3121-16099408,7827.75,912.97,3121,840.0
323,20-davison-street-richmond-vic-3121-6782699,8758.1,1005.71,3121,550.0
324,40-wellington-street-richmond-vic-3121-16094652,6057.84,781.42,3121,780.0
325,16-2a-brougham-street-richmond-vic-3121-16094696,7511.14,896.01,3121,420.0
326,301-27-dickmann-street-richmond-vic-3121-16112647,7060.45,845.95,3121,600.0
327,57-lord-st-richmond-vic-3121-16112934,10318.51,943.73,3121,1300.0
328,2-81-abinger-street-richmond-vic-3121-16099075,7916.2,917.5,3121,800.0
329,14-lesney-street-richmond-vic-3121-16111270,6918.77,823.18,3121,725.0
330,12-murray-street-richmond-vic-3121-16103776,10360.75,950.08,3121,640.0
331,6-44-type-street-richmond-vic-3121-16099000,9732.44,885.65,3121,330.0
332,75-neptune-street-richmond-vic-3121-16110194,9629.38,876.97,3121,650.0
333,5-19-palmer-street-richmond-vic-3121-16098868,7918.14,918.83,3121,700.0
334,94-lennox-street-richmond-vic-3121-16113257,7242.67,856.41,3121,700.0
335,304-27-dickmann-street-richmond-vic-3121-16113260,7060.45,845.95,3121,595.0
336,g01-8-carroll-street-richmond-vic-3121-16105144,5926.98,840.83,3121,465.0
337,46-73-river-street-richmond-vic-3121-16094613,10405.52,945.84,3121,425.0
338,607-253-bridge-road-richmond-vic-3121-16100906,7127.24,830.44,3121,420.0
339,18-park-grove-richmond-vic-3121-16105798,9753.0,878.48,3121,550.0
340,429-burnley-street-richmond-vic-3121-16100386,8720.65,773.36,3121,925.0
341,73-fraser-street-richmond-vic-3121-16091575,9688.81,886.31,3121,645.0
342,34-abinger-street-richmond-vic-3121-16096038,7593.55,906.41,3121,500.0
343,13a-laity-street-richmond-vic-3121-16099660,8036.21,937.55,3121,1200.0
344,57-lincoln-street-richmond-vic-3121-16092170,8208.41,965.82,3121,640.0
345,304-708-burwood-rd-hawthorn-vic-3122-16096604,12696.5,1157.24,3122,650.0
346,7-connell-street-hawthorn-vic-3122-16112571,11329.92,1069.95,3122,895.0
347,34-589-glenferrie-road-hawthorn-vic-3122-16094937,11100.77,1033.14,3122,265.0
348,20-523-burwood-road-hawthorn-vic-3122-16103788,11863.13,1088.03,3122,550.0
349,4-3-finchley-court-hawthorn-vic-3122-16104849,11163.63,1056.89,3122,450.0
350,16-197-auburn-road-hawthorn-vic-3122-16109889,11850.21,1097.22,3122,350.0
351,103-567-569-glenferrie-road-hawthorn-vic-3122-16108509,10865.41,1016.2,3122,525.0
352,109-39-riversdale-road-hawthorn-vic-3122-16109227,10202.94,968.5,3122,600.0
353,9-312-316-barkers-road-hawthorn-vic-3122-16109610,12782.02,1200.69,3122,725.0
354,8-1b-kinkora-road-hawthorn-vic-3122-16104258,11164.79,1081.57,3122,380.0
355,6-33-grove-rd-hawthorn-vic-3122-16094567,11604.41,1081.86,3122,430.0
356,5-selbourne-street-hawthorn-vic-3122-16100969,12332.87,1187.34,3122,715.0
357,4-32-power-street-hawthorn-vic-3122-16103495,11779.78,1122.78,3122,350.0
358,104-77-riversdale-road-hawthorn-vic-3122-16100086,10523.87,991.61,3122,1175.0
359,10-edlington-street-hawthorn-vic-3122-16113945,12148.69,1125.52,3122,800.0
360,2-70-power-street-hawthorn-vic-3122-16075968,10859.11,1051.78,3122,470.0
361,10-henrietta-st-hawthorn-vic-3122-16094383,10856.44,1022.49,3122,900.0
362,18-112-riversdale-road-hawthorn-vic-3122-16108055,10831.48,1013.75,3122,350.0
363,13-23-power-street-hawthorn-vic-3122-16092614,11130.04,1073.45,3122,325.0
364,5-56-58-burwood-road-hawthorn-vic-3122-16096828,10677.57,1024.24,3122,375.0
365,13-112-riversdale-road-hawthorn-vic-3122-16106515,10831.48,1013.75,3122,460.0
366,3-197-auburn-road-hawthorn-vic-3122-16096743,11850.21,1097.22,3122,310.0
367,2-21-munro-st-hawthorn-east-vic-3123-16108516,11932.97,1123.81,3123,425.0
368,107-35-camberwell-road-hawthorn-east-vic-3123-16104010,12663.72,1147.12,3123,625.0
369,11-115-victoria-rd-hawthorn-east-vic-3123-16099268,13264.32,1216.69,3123,310.0
370,23-11-auburn-gr-hawthorn-east-vic-3123-16106129,12164.02,1134.06,3123,420.0
371,26-hastings-road-hawthorn-east-vic-3123-16107338,12396.1,1136.71,3123,810.0
372,2-31-33-caroline-street-hawthorn-east-vic-3123-16109612,11910.0,1119.44,3123,370.0
373,2-119-victoria-road-hawthorn-east-vic-3123-16091571,13226.72,1218.28,3123,390.0
374,33-broomfield-road-hawthorn-east-vic-3123-16098753,11799.08,1093.04,3123,1000.0
375,12-2-freeman-street-hawthorn-east-vic-3123-16099575,13072.3,1211.65,3123,275.0
376,6-30-munro-st-hawthorn-east-vic-3123-16112646,11801.7,1093.45,3123,495.0
377,304-708-burwood-rd-hawthorn-east-vic-3123-16096604,12696.5,1157.24,3123,650.0
378,ug05c-55-camberwell-road-hawthorn-east-vic-3123-16065863,12760.32,1154.85,3123,615.0
379,8-1091-burke-road-hawthorn-east-vic-3123-16096688,14106.45,1285.43,3123,370.0
380,209-8-montrose-street-hawthorn-east-vic-3123-16109618,12377.31,1138.24,3123,400.0
381,43-cochrane-avenue-camberwell-vic-3124-16109593,14197.69,1204.59,3124,1250.0
382,202-555-burke-road-camberwell-vic-3124-16109562,13302.39,1134.74,3124,680.0
383,3-aisbett-ave-camberwell-vic-3124-16109108,16116.88,1428.95,3124,700.0
384,301-1150-toorak-road-camberwell-vic-3124-16100175,15063.08,1300.37,3124,450.0
385,4-105-wattle-valley-road-camberwell-vic-3124-16105634,15066.96,1382.53,3124,395.0
386,2-14-rowell-avenue-camberwell-vic-3124-16097609,14558.37,1228.61,3124,600.0
387,9-pine-camberwell-vic-3124-16112483,13818.78,1158.49,3124,1150.0
388,3-4-spencer-road-camberwell-vic-3124-16091161,13971.93,1319.78,3124,465.0
389,27-ellsworth-crescent-camberwell-vic-3124-16093229,16408.21,1565.93,3124,810.0
390,4-gilmour-road-camberwell-vic-3124-16106772,16948.5,1493.92,3124,900.0
391,1-3-crescent-road-camberwell-vic-3124-16096867,14891.61,1257.08,3124,495.0
392,14-thomas-st-camberwell-vic-3124-16106434,17320.76,1533.96,3124,1600.0
393,568-camberwell-road-camberwell-vic-3124-16098540,14977.29,1267.44,3124,550.0
394,g02-555-burke-road-camberwell-vic-3124-16095744,13302.39,1134.74,3124,650.0
395,54-athelstan-road-camberwell-vic-3124-16104500,14224.76,1229.92,3124,975.0
396,24-prospect-hill-road-camberwell-vic-3124-16092042,13237.55,1234.48,3124,1100.0
397,4-11-allambee-avenue-camberwell-vic-3124-16100759,14436.74,1374.8,3124,530.0
398,1a-monica-street-burwood-vic-3125-16097697,18260.26,1669.33,3125,730.0
399,2e-hopetoun-avenue-canterbury-vic-3126-16099464,15415.39,1423.97,3126,750.0
400,78-wattle-valley-rd-canterbury-vic-3126-16109321,15061.59,1381.12,3126,1100.0
401,31-rubens-grove-canterbury-vic-3126-16112358,14888.6,1382.68,3126,1400.0
402,1-969-riversdale-road-surrey-hills-vic-3127-16099850,16259.1,1470.63,3127,500.0
403,4-13-blackburn-street-surrey-hills-vic-3127-16109055,18082.21,1621.99,3127,430.0
404,12-kennealy-st-surrey-hills-vic-3127-16112779,16284.25,1525.87,3127,1500.0
405,g02-178-union-rd-surrey-hills-vic-3127-16103762,17605.31,1589.64,3127,390.0
406,206-801-whitehorse-road-mont-albert-vic-3127-16107016,19257.61,1709.1,3127,550.0
407,3-34-durham-road-surrey-hills-vic-3127-16103162,16228.69,1493.43,3127,395.0
408,201-43-zetland-road-mont-albert-vic-3127-16092749,19272.55,1733.57,3127,730.0
409,937-riversdale-road-surrey-hills-vic-3127-16095527,15976.61,1445.2,3127,550.0
410,3-1-nangnak-lane-mont-albert-vic-3127-16105157,19270.06,1718.09,3127,640.0
411,8-27-oxford-street-box-hill-vic-3128-16098733,19827.28,1774.96,3128,580.0
412,1-52-medway-street-box-hill-vic-3128-16112906,23589.91,1750.28,3128,370.0
413,205-6-8-wellington-road-box-hill-vic-3128-16110292,23487.66,1780.9,3128,400.0
414,88-surrey-road-blackburn-north-vic-3130-16112949,25418.06,1703.88,3130,600.0
415,2-11-barrina-street-blackburn-south-vic-3130-16107646,21561.36,2015.39,3130,750.0
416,2-8-rupert-street-mitcham-vic-3132-16113687,32956.67,2213.33,3132,360.0
417,229b-1-19-colombo-street-mitcham-vic-3132-16106908,30047.43,2128.8,3132,330.0
418,2-ritz-street-vermont-south-vic-3133-15960853,26230.44,2324.79,3133,520.0
419,3-20-24-dublin-road-ringwood-east-vic-3135-16112504,33788.8,2271.88,3135,425.0
420,3-1-alexandra-avenue-south-yarra-vic-3141-16103763,5095.2,658.06,3141,875.0
421,16-174-toorak-road-west-south-yarra-vic-3141-16097614,4514.15,552.41,3141,350.0
422,1601-7-claremont-street-south-yarra-vic-3141-15452608,5805.85,750.5,3141,630.0
423,1305-45-claremont-street-south-yarra-vic-3141-16097070,5567.52,710.5,3141,430.0
424,504-649-chapel-street-south-yarra-vic-3141-16097235,5734.13,688.6,3141,650.0
425,1101-77-river-street-south-yarra-vic-3141-15537769,5807.29,692.72,3141,540.0
426,106-471-malvern-road-south-yarra-vic-3141-16099095,7682.69,756.34,3141,425.0
427,505-79-river-street-south-yarra-vic-3141-16108010,5913.99,710.8,3141,470.0
428,2-55-avoca-street-south-yarra-vic-3141-16103349,5083.35,636.52,3141,630.0
429,2-31-howitt-street-south-yarra-vic-3141-16109026,7990.05,800.93,3141,320.0
430,709-12-14-claremont-street-south-yarra-vic-3141-16098801,5778.88,745.64,3141,410.0
431,510-77-river-street-south-yarra-vic-3141-16093296,5807.29,692.72,3141,395.0
432,5-90-toorak-road-west-south-yarra-vic-3141-16096683,4130.89,518.5,3141,360.0
433,1205-77-river-street-south-yarra-vic-3141-14520896,5807.29,692.72,3141,540.0
434,unit-1607-50-claremont-st-south-yarra-vic-3141-16111948,5601.63,713.74,3141,580.0
435,203-5-7-wilson-street-south-yarra-vic-3141-15197334,5914.3,713.72,3141,450.0
436,24-43-caroline-street-south-yarra-vic-3141-16105251,4816.83,597.81,3141,395.0
437,4-35-marne-street-south-yarra-vic-3141-16103633,4558.74,575.79,3141,700.0
438,1-16-18-millswyn-street-south-yarra-vic-3141-16104898,4058.91,519.2,3141,475.0
439,unit-1607-50-claremont-st-south-yarra-vic-3141-16111948,5601.63,713.74,3141,580.0
440,4-peter-st-south-yarra-vic-3141-16111285,5323.56,638.79,3141,1150.0
441,1215-7-claremont-street-south-yarra-vic-3141-16108496,5805.85,750.5,3141,550.0
442,62-hawksburn-road-south-yarra-vic-3141-16109344,6097.83,744.87,3141,1200.0
443,1-16-darling-street-south-yarra-vic-3141-16100628,5176.24,621.96,3141,410.0
444,14-acland-street-south-yarra-vic-3141-16100335,4916.38,601.72,3141,1400.0
445,402-1-chapel-mews-south-yarra-vic-3141-16108066,5825.54,692.26,3141,680.0
446,9-21-rockley-road-south-yarra-vic-3141-16109121,6025.2,731.87,3141,400.0
447,1212-35-malcolm-street-south-yarra-vic-3141-16104529,5726.56,681.1,3141,500.0
448,4-26-davis-avenue-south-yarra-vic-3141-16111137,5188.49,657.86,3141,375.0
449,22-399-toorak-rd-south-yarra-vic-3141-16103168,6136.31,732.14,3141,900.0
450,2-64-park-street-south-yarra-vic-3141-16093045,4386.71,559.07,3141,690.0
451,1311-18-claremont-street-south-yarra-vic-3141-16106506,5739.3,738.52,3141,620.0
452,3-1-alexandra-avenue-south-yarra-vic-3141-16103763,5095.2,658.06,3141,875.0
453,4-470-punt-road-south-yarra-vic-3141-16111404,4952.44,598.06,3141,430.0
454,21-palermo-street-south-yarra-vic-3141-16099286,5770.12,705.81,3141,450.0
455,1008-2-claremont-street-south-yarra-vic-3141-14225672,5275.77,661.23,3141,630.0
456,2-116-anderson-street-south-yarra-vic-3141-16100924,5138.75,630.62,3141,1150.0
457,4-mandeville-crescent-toorak-vic-3142-16099272,8833.51,876.82,3142,840.0
458,17a-clendon-road-toorak-vic-3142-16105569,8851.64,868.24,3142,1370.0
459,66-albany-road-toorak-vic-3142-16109249,7698.76,884.88,3142,770.0
460,2-424-toorak-road-toorak-vic-3142-16103422,6493.47,768.05,3142,550.0
461,4-24-lascelles-avenue-toorak-vic-3142-16111381,7174.95,848.05,3142,875.0
462,21-425-toorak-road-toorak-vic-3142-16113469,6633.04,809.09,3142,600.0
463,2-12-chastleton-avenue-toorak-vic-3142-16111165,9184.79,829.2,3142,460.0
464,685-orrong-rd-toorak-vic-3142-16111493,7187.59,843.59,3142,1800.0
465,24-723-orrong-road-toorak-vic-3142-16109865,7317.6,859.65,3142,670.0
466,5-256-williams-road-toorak-vic-3142-16098967,6428.41,756.17,3142,435.0
467,11-mell-street-toorak-vic-3142-16096375,8179.58,840.39,3142,950.0
468,1-791-malvern-road-toorak-vic-3142-16098134,9287.33,912.83,3142,475.0
469,7-burnie-street-toorak-vic-3142-16105562,7477.92,938.24,3142,865.0
470,7-2a-burnie-street-toorak-vic-3142-16108212,7253.99,891.76,3142,400.0
471,3-20-tintern-avenue-toorak-vic-3142-16096159,6477.5,788.69,3142,690.0
472,102-8a-evergreen-mews-armadale-vic-3143-16098928,8868.87,884.56,3143,800.0
473,19-60-wattletree-road-armadale-vic-3143-16109919,8616.69,841.12,3143,825.0
474,9-62-wattletree-road-armadale-vic-3143-16091210,8731.3,833.53,3143,650.0
475,8-18-mercer-road-armadale-vic-3143-16098674,9936.49,980.58,3143,530.0
476,74-sutherland-road-armadale-vic-3143-16092668,9120.82,917.57,3143,1500.0
477,13-7-sutherland-road-armadale-vic-3143-16113177,8389.49,847.16,3143,430.0
478,604-8c-evergreen-mews-armadale-vic-3143-15223873,8868.87,884.56,3143,690.0
479,17-29-kooyong-road-armadale-vic-3143-16109622,8678.89,832.41,3143,300.0
480,7-1-duncraig-avenue-armadale-vic-3143-16107324,9130.84,875.43,3143,410.0
481,6-507-dandenong-road-armadale-vic-3143-16098888,9138.07,857.46,3143,550.0
482,303-960-high-street-armadale-vic-3143-16100725,9289.91,881.7,3143,850.0
483,1-25-rose-street-armadale-vic-3143-10042843,9073.38,918.82,3143,560.0
484,49-northcote-road-armadale-vic-3143-16097996,9222.22,942.64,3143,950.0
485,16-2-armadale-street-armadale-vic-3143-16092266,8746.0,844.49,3143,350.0
486,6-164-wattletree-road-malvern-vic-3144-16100356,9484.69,899.36,3144,285.0
487,g03-1271-1273-high-street-malvern-vic-3144-16109656,10370.31,999.4,3144,800.0
488,9-164-wattletree-road-malvern-vic-3144-16100352,9484.69,899.36,3144,310.0
489,305-1200-high-street-malvern-vic-3144-15192944,9821.97,946.51,3144,450.0
490,10-1231-malvern-road-malvern-vic-3144-16097026,10942.87,1026.24,3144,575.0
491,8-260-wattletree-road-malvern-vic-3144-16098780,10515.1,985.09,3144,375.0
492,314-14-elizabeth-street-malvern-vic-3144-16110243,11559.22,1092.79,3144,650.0
493,22-ethel-street-malvern-vic-3144-16099895,12274.5,1027.7,3144,1600.0
494,7-36-johnstone-street-malvern-vic-3144-16104691,10067.06,1049.04,3144,350.0
495,2-445-glenferrie-road-malvern-vic-3144-16109767,8632.92,970.12,3144,800.0
496,1e-wilmot-street-malvern-vic-3144-16095645,12198.95,1068.54,3144,700.0
497,726-warrigal-road-malvern-east-vic-3145-16092294,18660.66,1316.13,3145,710.0
498,10-798-warrigal-road-malvern-east-vic-3145-16103154,19311.36,1382.39,3145,360.0
499,4-5-winton-road-malvern-east-vic-3145-16103745,13263.56,1195.08,3145,520.0
500,27-clynden-avenue-malvern-east-vic-3145-16105966,12595.41,1186.04,3145,420.0
501,6-1403-dandenong-road-malvern-east-vic-3145-16094655,15467.01,1423.47,3145,350.0
502,2-413a-waverley-road-malvern-east-vic-3145-16112451,12990.18,1175.5,3145,410.0
503,2-4-prior-rd-malvern-east-vic-3145-16096071,18910.97,1360.33,3145,620.0
504,4-65-paxton-street-malvern-east-vic-3145-16108869,12227.43,1141.46,3145,420.0
505,5-23-camira-street-malvern-east-vic-3145-15363345,19497.28,1408.43,3145,300.0
506,211-2a-clarence-street-malvern-east-vic-3145-16106072,10763.08,1018.98,3145,350.0
507,101-1443-dandenong-road-malvern-east-vic-3145-16113756,16067.39,1416.11,3145,495.0
508,10-2-4-baker-street-malvern-east-vic-3145-16103677,12701.74,1136.33,3145,450.0
509,402-2a-clarence-street-malvern-east-vic-3145-16095778,10763.08,1018.98,3145,350.0
510,15-2a-bates-street-malvern-east-vic-3145-16108936,11176.26,1004.54,3145,275.0
511,31-moama-road-malvern-east-vic-3145-16092594,11892.87,1080.32,3145,995.0
512,3-60-serrell-st-malvern-east-vic-3145-16107329,12909.64,1190.58,3145,630.0
513,12-abbotsford-avenue-malvern-east-vic-3145-16092573,14693.79,1339.55,3145,895.0
514,27-pepperell-lane-malvern-east-vic-3145-16109184,12307.09,1104.87,3145,780.0
515,1855-malvern-road-malvern-east-vic-3145-16103632,12001.39,1095.62,3145,1700.0
516,62-queens-avenue-caulfield-east-vic-3145-16104907,11403.62,1006.13,3145,495.0
517,12-786-warrigal-road-malvern-east-vic-3145-16105663,19210.44,1374.32,3145,360.0
518,17-watson-street-glen-iris-vic-3146-16104587,15833.34,1309.53,3146,550.0
519,5-68-edgar-street-north-glen-iris-vic-3146-16105927,13241.98,1165.99,3146,400.0
520,4-1458-high-street-glen-iris-vic-3146-16103489,11092.1,1042.18,3146,1550.0
521,15-4-wills-street-glen-iris-vic-3146-16098084,13709.1,1124.11,3146,380.0
522,4-16-wills-street-glen-iris-vic-3146-16111457,13613.69,1106.93,3146,550.0
523,28-somerset-road-glen-iris-vic-3146-16108831,15734.26,1323.71,3146,480.0
524,10-299-burke-road-glen-iris-vic-3146-16103519,13306.83,1059.67,3146,310.0
525,385-burke-road-glen-iris-vic-3146-16096642,13494.71,1085.17,3146,600.0
526,4-17-hope-street-glen-iris-vic-3146-16110227,11394.76,1071.48,3146,450.0
527,144-high-st-glen-iris-vic-3146-16092883,14129.77,1296.43,3146,670.0
528,102-4-yertchuk-avenue-ashwood-vic-3147-16095641,17608.55,1741.02,3147,495.0
529,10-katta-court-ashwood-vic-3147-16092329,16827.57,1560.85,3147,560.0
530,2-26-may-park-avenue-ashwood-vic-3147-16112429,16683.95,1537.21,3147,630.0
531,10-303-305-huntingdale-road-chadstone-vic-3148-16099550,21104.6,1546.68,3148,395.0
532,2-14-hiscock-street-chadstone-vic-3148-15363745,19687.79,1458.61,3148,650.0
533,1-20-carramar-street-chadstone-vic-3148-16100769,16541.47,1552.28,3148,600.0
534,2-23-amaroo-street-chadstone-vic-3148-15802799,16464.35,1533.77,3148,525.0
535,2-103-waverley-road-chadstone-vic-3148-16098229,19626.02,1432.48,3148,560.0
536,404-70-batesford-road-chadstone-vic-3148-16094741,15417.75,1393.67,3148,390.0
537,2-16-thurloo-street-chadstone-vic-3148-16096767,19358.32,1454.53,3148,650.0
538,33-carramar-street-chadstone-vic-3148-16096061,20096.36,1519.51,3148,650.0
539,6-hillside-road-mount-waverley-vic-3149-16099260,17755.67,1684.06,3149,580.0
540,3-112-114-huntingdale-road-mount-waverley-vic-3149-14880327,19307.6,1702.07,3149,400.0
541,3-kingsley-grove-mount-waverley-vic-3149-16098328,22939.48,1554.65,3149,650.0
542,1b-laura-grove-mount-waverley-vic-3149-16096160,27238.42,1964.49,3149,695.0
543,111-436-442-huntingdale-road-mount-waverley-vic-3149-16105315,20473.11,1504.61,3149,370.0
544,49-pascall-street-mount-waverley-vic-3149-16095717,21605.94,1989.07,3149,860.0
545,8-pindari-drive-bayswater-vic-3153-16113044,37523.08,2437.08,3153,535.0
546,201-6-station-st-caulfield-north-vic-3161-16108638,10503.26,915.52,3161,580.0
547,6-labassa-grove-caulfield-north-vic-3161-16110340,7810.44,726.51,3161,625.0
548,6-374-dandenong-road-caulfield-north-vic-3161-16111921,7795.59,755.55,3161,575.0
549,7-norwood-rd-caulfield-north-vic-3161-16111976,7713.44,765.18,3161,600.0
550,2-55-wanda-rd-caulfield-north-vic-3161-16093913,8466.33,808.64,3161,700.0
551,2-309-hawthorn-road-caulfield-north-vic-3161-16110754,10234.23,880.51,3161,700.0
552,207-6-station-st-caulfield-north-vic-3161-16108569,10503.26,915.52,3161,480.0
553,2-27-leaburn-avenue-caulfield-north-vic-3161-16099564,8439.18,772.43,3161,1200.0
554,1-41-kooyong-rd-caulfield-north-vic-3161-16113276,8255.45,774.45,3161,720.0
555,37a-bambra-road-caulfield-north-vic-3161-16098329,10192.12,891.15,3161,640.0
556,10-113-eskdale-road-caulfield-north-vic-3161-16112117,10571.25,936.8,3161,320.0
557,6-11-kooyong-road-caulfield-north-vic-3161-16035335,8209.32,775.59,3161,375.0
558,station-street-caulfield-north-vic-3161-16094214,10667.34,928.65,3161,495.0
559,3-54-kooyong-road-caulfield-north-vic-3161-16104819,8278.84,779.87,3161,550.0
560,3-681-inkerman-road-caulfield-north-vic-3161-16107828,8699.34,807.23,3161,460.0
561,3-31-wanda-road-caulfield-north-vic-3161-15230423,8592.09,833.24,3161,375.0
562,station-street-caulfield-north-vic-3161-16094214,10667.34,928.65,3161,495.0
563,108-67-77-hawthorn-road-caulfield-north-vic-3161-16113540,9182.36,811.67,3161,520.0
564,7-94-eskdale-rd-caulfield-north-vic-3161-16111066,10256.92,923.15,3161,320.0
565,11-8-tattenham-street-caulfield-vic-3162-16110783,12086.27,1063.3,3162,330.0
566,3-1-frederick-street-caulfield-south-vic-3162-16106461,13825.23,1147.85,3162,495.0
567,16-york-street-caulfield-south-vic-3162-16112581,11097.14,958.73,3162,650.0
568,3-1-freeman-street-caulfield-vic-3162-16092052,11294.69,979.0,3162,1100.0
569,201-136-murray-street-caulfield-vic-3162-10136316,10615.06,908.71,3162,430.0
570,20-sycamore-street-caulfield-south-vic-3162-16111960,10602.41,924.63,3162,895.0
571,5-1011-glen-huntly-road-caulfield-vic-3162-16111675,11760.81,995.64,3162,440.0
572,2-276-hawthorn-road-caulfield-vic-3162-16097784,10251.58,881.65,3162,485.0
573,1-142-booran-road-caulfield-south-vic-3162-16107934,12454.88,1055.7,3162,575.0
574,5-120-murray-street-caulfield-vic-3162-16098698,10893.29,951.78,3162,525.0
575,43-bent-st-caulfield-south-vic-3162-16093981,12328.01,1054.66,3162,1200.0
576,1a-marriott-street-caulfield-vic-3162-16103818,10705.45,918.02,3162,910.0
577,107-15-bond-street-caulfield-vic-3162-15367271,10469.96,914.34,3162,450.0
578,6-18-bute-st-murrumbeena-vic-3163-16112065,14849.77,1328.51,3163,290.0
579,22b-park-ave-glen-huntly-vic-3163-16094731,13504.37,1147.49,3163,780.0
580,1-velra-ave-murrumbeena-vic-3163-16091106,16922.47,1437.35,3163,750.0
581,6-1204-glen-huntly-road-glen-huntly-vic-3163-16110831,12681.56,1076.32,3163,480.0
582,5-12a-toward-street-murrumbeena-vic-3163-16099704,14429.8,1305.28,3163,295.0
583,2-17-railway-parade-murrumbeena-vic-3163-16109008,14264.18,1280.53,3163,360.0
584,1-15-melbourne-street-murrumbeena-vic-3163-16103337,14078.93,1258.4,3163,500.0
585,1140-dandenong-rd-carnegie-vic-3163-16097320,13026.01,1164.5,3163,510.0
586,12-24-dunoon-street-murrumbeena-vic-3163-16110351,14581.99,1261.74,3163,330.0
587,1-204-neerim-road-carnegie-vic-3163-15580163,12616.08,1091.3,3163,295.0
588,5-9-rosstown-road-carnegie-vic-3163-16110849,12227.11,1106.4,3163,310.0
589,209-3-elliott-ave-carnegie-vic-3163-16097314,13534.73,1183.94,3163,580.0
590,7-15-rosedale-avenue-glen-huntly-vic-3163-16095521,12793.56,1101.46,3163,400.0
591,14-13-rosedale-ave-glen-huntly-vic-3163-16103695,12742.22,1092.22,3163,285.0
592,3-brisbane-street-murrumbeena-vic-3163-16099765,13708.96,1205.53,3163,495.0
593,3-3-mackay-ave-carnegie-vic-3163-16098646,13392.44,1144.99,3163,460.0
594,3-4-beverley-street-glen-huntly-vic-3163-16109544,12618.58,1110.6,3163,450.0
595,3-10-adelaide-street-murrumbeena-vic-3163-16109631,13844.02,1213.02,3163,300.0
596,3-29-mernda-ave-carnegie-vic-3163-16103178,13458.78,1184.74,3163,330.0
597,10-5-wilson-street-murrumbeena-vic-3163-16104133,14163.26,1261.7,3163,230.0
598,4-16-toward-street-murrumbeena-vic-3163-16094879,14806.85,1302.93,3163,425.0
599,3-25-shepparson-avenue-carnegie-vic-3163-16094973,13325.34,1160.8,3163,340.0
600,6-45-coorigil-road-carnegie-vic-3163-16091052,14148.98,1231.74,3163,290.0
601,6-20-gerald-st-murrumbeena-vic-3163-16097327,14931.54,1348.14,3163,350.0
602,2-109-grange-road-glen-huntly-vic-3163-16091489,12529.77,1080.55,3163,265.0
603,82-115-neerim-road-glen-huntly-vic-3163-16095621,12000.57,1041.22,3163,350.0
604,28-lyons-street-carnegie-vic-3163-16096310,13575.7,1162.98,3163,700.0
605,203-1298-glen-huntly-road-carnegie-vic-3163-16106830,13329.09,1137.34,3163,495.0
606,19-160-grange-road-carnegie-vic-3163-16092925,13162.02,1130.82,3163,280.0
607,2-67-moonya-rd-carnegie-vic-3163-16098026,14594.32,1279.67,3163,320.0
608,257-koornang-road-carnegie-vic-3163-16108611,13931.57,1200.35,3163,670.0
609,2-45-browns-road-bentleigh-east-vic-3165-16104783,17397.22,1438.54,3165,420.0
610,310-24-becket-avenue-bentleigh-east-vic-3165-16098565,17353.07,1433.13,3165,360.0
611,1-bethwyn-street-bentleigh-east-vic-3165-16103205,16608.83,1409.31,3165,495.0
612,7a-fraser-street-bentleigh-east-vic-3165-16104506,17530.69,1561.02,3165,950.0
613,6-27-gladwyn-avenue-bentleigh-east-vic-3165-15284183,16115.26,1399.84,3165,430.0
614,103-16-malane-street-bentleigh-east-vic-3165-16098175,17043.88,1444.16,3165,380.0
615,26a-bonny-street-bentleigh-east-vic-3165-16058750,19203.43,1573.44,3165,1150.0
616,3-54-hill-street-bentleigh-east-vic-3165-16091798,17906.26,1494.34,3165,400.0
617,202-53-browns-road-bentleigh-east-vic-3165-16097230,17392.02,1437.29,3165,545.0
618,9a-9b-ludwell-crescent-bentleigh-east-vic-3165-16092784,19448.29,1678.44,3165,900.0
619,1-kadir-street-bentleigh-east-vic-3165-16110561,17510.98,1514.34,3165,420.0
620,1-45-neville-st-bentleigh-east-vic-3165-16095004,17800.91,1515.7,3165,650.0
621,6-berrima-street-oakleigh-east-vic-3166-15137796,23578.95,1625.72,3166,450.0
622,17-crown-close-oakleigh-east-vic-3166-16113552,23532.99,1629.15,3166,520.0
623,3-60-patrick-street-oakleigh-east-vic-3166-16099764,24541.23,1673.18,3166,650.0
624,2-1845-dandenong-road-oakleigh-east-vic-3166-16092807,24965.02,1730.78,3166,850.0
625,3-14-carmichael-road-oakleigh-east-vic-3166-16091410,18335.9,1661.96,3166,650.0
626,9-parer-street-oakleigh-vic-3166-16093353,19285.77,1686.54,3166,540.0
627,1-2-mill-road-oakleigh-vic-3166-15374846,16909.34,1474.34,3166,630.0
628,3-28a-carlisle-crescent-hughesdale-vic-3166-15840574,16351.05,1408.27,3166,510.0
629,3-1845-dandenong-road-oakleigh-east-vic-3166-16092754,24965.02,1730.78,3166,950.0
630,7-1344-dandenong-road-hughesdale-vic-3166-16112445,14864.43,1317.69,3166,390.0
631,203-59-63-warrigal-road-hughesdale-vic-3166-13009899,16540.26,1455.69,3166,480.0
632,1-20-lincoln-street-oakleigh-vic-3166-16107897,17608.47,1568.08,3166,550.0
633,3-1-coane-street-oakleigh-east-vic-3166-16110864,20072.8,1773.7,3166,400.0
634,1-10-keith-street-oakleigh-east-vic-3166-16099635,19304.67,1735.69,3166,405.0
635,3-15-elata-street-oakleigh-south-vic-3167-16099363,18838.93,1632.35,3167,430.0
636,1-2-cunningham-place-oakleigh-south-vic-3167-16094025,23414.58,2007.44,3167,460.0
637,16-silvan-street-oakleigh-south-vic-3167-15400067,21593.86,1891.47,3167,575.0
638,3-40-glenbrook-avenue-clayton-vic-3168-16111672,24355.34,1654.06,3168,895.0
639,2-1-manatunga-street-clayton-vic-3168-16099845,25092.37,1767.09,3168,650.0
640,118-864-blackburn-road-clayton-vic-3168-16103508,26569.42,1778.26,3168,380.0
641,1-40-glenbrook-avenue-clayton-vic-3168-16110445,24355.34,1654.06,3168,775.0
642,20-2-greenfield-drive-clayton-vic-3168-15740628,25770.67,1906.89,3168,360.0
643,1-3-jaguar-drive-clayton-vic-3168-16022646,26153.96,1975.48,3168,695.0
644,4-28-banksia-street-clayton-vic-3168-16109082,19998.63,1817.34,3168,420.0
645,2-40-glenbrook-avenue-clayton-vic-3168-16110582,24355.34,1654.06,3168,550.0
646,56-davanzo-avenue-clarinda-vic-3169-16092173,24193.07,2150.57,3169,460.0
647,17-wandoo-avenue-clarinda-vic-3169-16108397,22220.36,1894.92,3169,495.0
648,1-4-6-mallawa-street-clayton-south-vic-3169-16092812,27746.41,2038.66,3169,380.0
649,11-regent-avenue-springvale-vic-3171-16110391,29856.39,2155.69,3171,450.0
650,2-9-virginia-street-springvale-vic-3171-16103573,30063.07,2205.12,3171,495.0
651,1-69-centre-dandenong-road-dingley-village-vic-3172-16099840,29650.21,2503.88,3172,540.0
652,11-ridder-court-dingley-village-vic-3172-16104299,28170.2,2438.08,3172,470.0
653,33a-marcus-road-dingley-village-vic-3172-16097552,29556.62,2498.84,3172,650.0
654,130-stanley-road-keysborough-vic-3173-16093594,40152.88,2310.47,3173,850.0
655,41-balgowlah-avenue-keysborough-vic-3173-16104670,38883.89,2213.55,3173,480.0
656,20-greenside-cres-keysborough-vic-3173-16110634,42847.63,2433.48,3173,850.0
657,24-kleine-street-noble-park-vic-3174-16102906,37233.34,2257.75,3174,530.0
658,2-1-mitchell-court-noble-park-vic-3174-16091711,33447.84,2086.29,3174,290.0
659,33-theodore-avenue-noble-park-vic-3174-16104719,37778.57,2325.69,3174,420.0
660,3-15-leman-crescent-noble-park-vic-3174-16104774,35598.93,2143.93,3174,550.0
661,710-stud-road-scoresby-vic-3179-15268201,38517.11,2243.78,3179,485.0
662,5-327-dandenong-road-prahran-vic-3181-16112180,7840.76,765.94,3181,585.0
663,62a-union-street-windsor-vic-3181-16096060,5495.28,565.19,3181,1000.0
664,502-201-high-street-prahran-vic-3181-16108215,6535.31,681.74,3181,380.0
665,1-1-ellesmere-road-windsor-vic-3181-16107246,7276.49,737.2,3181,330.0
666,42-321-chapel-street-prahran-vic-3181-16094332,6891.35,711.33,3181,495.0
667,4-2-4-jessamine-avenue-prahran-vic-3181-16096629,7922.53,803.73,3181,430.0
668,110-22-chatham-street-prahran-vic-3181-16104912,6785.68,702.77,3181,360.0
669,2-2-rae-court-prahran-vic-3181-16092519,7262.08,736.7,3181,450.0
670,g04-652-high-street-prahran-vic-3181-16111416,7859.74,829.16,3181,625.0
671,43-eastbourne-street-prahran-vic-3181-16099313,6535.75,688.67,3181,800.0
672,204-27-the-avenue-windsor-vic-3181-16103482,7178.39,723.94,3181,425.0
673,9-4-normanby-street-windsor-vic-3181-16103941,7181.38,756.77,3181,330.0
674,16-spring-street-prahran-vic-3181-16109263,8327.25,836.03,3181,550.0
675,1c-lewisham-road-windsor-vic-3181-16104364,7254.27,740.61,3181,750.0
676,7-680-malvern-road-prahran-vic-3181-16097081,8313.4,816.49,3181,500.0
677,24-300-high-street-prahran-vic-3181-16092833,6798.16,708.77,3181,595.0
678,2-22-ellesmere-road-prahran-vic-3181-16112401,7154.94,722.61,3181,500.0
679,304-152-peel-street-windsor-vic-3181-16108695,6082.93,667.13,3181,495.0
680,22-174-peel-street-windsor-vic-3181-16109077,5859.08,638.44,3181,570.0
681,23-66-murray-street-prahran-vic-3181-16093824,7408.64,797.83,3181,400.0
682,72-perth-street-prahran-vic-3181-16108083,5792.4,695.78,3181,875.0
683,2-abeckett-street-prahran-vic-3181-16095838,8400.27,825.93,3181,1200.0
684,35-233-canterbury-road-st-kilda-west-vic-3182-16109040,4153.27,383.23,3182,360.0
685,2-47-brighton-road-st-kilda-vic-3182-16103420,7551.87,722.91,3182,400.0
686,306-198-st-kilda-road-st-kilda-vic-3182-16113646,5611.49,578.18,3182,350.0
687,2-6-charlotte-place-st-kilda-vic-3182-16104068,5674.64,586.21,3182,690.0
688,6-50-fitzroy-street-st-kilda-vic-3182-16096820,4333.13,402.92,3182,360.0
689,9-39-eildon-rd-st-kilda-vic-3182-14637707,4524.25,432.35,3182,400.0
690,69-chapel-street-st-kilda-vic-3182-16107526,5880.6,579.09,3182,650.0
691,13-47-brighton-road-st-kilda-vic-3182-16099504,6051.79,598.73,3182,440.0
692,2-16-vale-st-st-kilda-vic-3182-16108973,5717.11,559.13,3182,320.0
693,49-64-fitzroy-street-st-kilda-vic-3182-16095131,4427.02,421.13,3182,430.0
694,10-15-inkerman-street-st-kilda-vic-3182-16111511,4961.36,473.68,3182,630.0
695,304a-33-inkerman-st-st-kilda-vic-3182-16104398,5006.6,478.92,3182,470.0
696,4-odessa-street-st-kilda-vic-3182-16094649,5556.57,578.22,3182,770.0
697,17-1-acland-street-st-kilda-vic-3182-16108171,4134.2,420.89,3182,280.0
698,2-44-robe-street-st-kilda-vic-3182-16100042,4744.25,456.65,3182,420.0
699,18-11-17-park-street-st-kilda-west-vic-3182-16099197,4505.44,436.25,3182,450.0
700,3-16-eildon-road-st-kilda-vic-3182-16110741,4409.2,477.43,3182,575.0
701,13-343-beaconsfield-parade-st-kilda-west-vic-3182-16108716,4269.19,425.22,3182,385.0
702,5-16-blessington-court-st-kilda-vic-3182-16091470,5314.37,543.05,3182,300.0
703,3505-14-16-the-esplanadr-st-kilda-vic-3182-16106828,4593.39,482.38,3182,1600.0
704,15-39-41-wellington-street-st-kilda-vic-3182-16110681,5124.33,502.73,3182,550.0
705,1-3-7-sebastopol-street-st-kilda-vic-3182-16104975,6445.37,629.13,3182,330.0
706,30-233-235-canterbury-road-st-kilda-west-vic-3182-16108250,4153.27,383.23,3182,310.0
707,39-220-barkly-street-st-kilda-vic-3182-14537180,5660.96,547.53,3182,800.0
708,207-11-13-jackson-street-st-kilda-vic-3182-16103822,4214.92,438.48,3182,700.0
709,15-18-princes-street-st-kilda-vic-3182-16027235,4810.84,471.49,3182,495.0
710,1-2-2-woodstock-street-st-kilda-vic-3182-16093793,6522.05,655.68,3182,375.0
711,8-16-marine-parade-st-kilda-vic-3182-16107202,5378.29,531.7,3182,400.0
712,4-22-crimea-street-st-kilda-vic-3182-15808911,5618.03,583.21,3182,300.0
713,2b-waterloo-crescent-st-kilda-vic-3182-16103682,5247.35,506.1,3182,995.0
714,1-2a-robe-street-st-kilda-vic-3182-16095963,4746.84,494.93,3182,595.0
715,10-11-marine-parade-st-kilda-vic-3182-16091874,5447.32,536.67,3182,360.0
716,1-116-inkerman-road-st-kilda-vic-3182-15926395,5374.35,538.68,3182,280.0
717,16-42-waterloo-crescent-st-kilda-vic-3182-16112116,5237.32,510.94,3182,250.0
718,8-31-charnwood-road-st-kilda-vic-3182-16111421,5684.36,595.15,3182,420.0
719,9-26-loch-street-st-kilda-west-vic-3182-16108504,3974.79,372.63,3182,495.0
720,8-36-blessington-street-st-kilda-vic-3182-16110703,6082.62,638.36,3182,345.0
721,202-8-blanche-street-st-kilda-vic-3182-16095573,5103.85,499.16,3182,600.0
722,13-neptune-street-st-kilda-vic-3182-16108169,4801.76,472.66,3182,580.0
723,139-chapel-street-st-kilda-vic-3182-16110151,5986.89,591.09,3182,640.0
724,4-30-mitford-street-st-kilda-vic-3182-16099536,5918.52,616.83,3182,395.0
725,13-2a-robe-street-st-kilda-vic-3182-16113609,4746.84,494.93,3182,675.0
726,205-211-44-barkly-street-st-kilda-vic-3182-15694325,4944.71,488.4,3182,260.0
727,05-07-lambeth-place-st-kilda-vic-3182-16111844,5459.93,563.57,3182,345.0
728,9-17-st-leondards-avenue-st-kilda-vic-3182-16110829,4614.49,520.36,3182,590.0
729,301-2a-nelson-street-balaclava-vic-3183-16104630,6626.95,689.3,3183,530.0
730,602-71-inkerman-st-st-kilda-east-vic-3183-16091456,6490.62,623.01,3183,690.0
731,203-120-hotham-street-st-kilda-east-vic-3183-16098448,7176.51,687.63,3183,690.0
732,12-55-alexandra-street-st-kilda-east-vic-3183-16096796,7016.25,664.81,3183,430.0
733,10-4a-wando-grove-st-kilda-east-vic-3183-16099165,7478.63,759.67,3183,475.0
734,1-107-grosvenor-street-balaclava-vic-3183-16096804,7422.25,714.86,3183,495.0
735,12-rosamond-street-balaclava-vic-3183-16113271,6300.43,628.33,3183,695.0
736,1-3-7-sebastopol-street-st-kilda-east-vic-3183-16104975,6445.37,629.13,3183,330.0
737,8-8-cardigan-street-st-kilda-east-vic-3183-16094608,6751.71,647.5,3183,380.0
738,6-75-westbury-street-st-kilda-east-vic-3183-16104087,6352.74,614.56,3183,430.0
739,12-203-alma-rd-st-kilda-east-vic-3183-16097827,6946.72,684.33,3183,440.0
740,14-3-balston-street-balaclava-vic-3183-16112313,6443.16,631.83,3183,320.0
741,7-15-hotham-st-st-kilda-east-vic-3183-16104219,6837.35,687.19,3183,445.0
742,27-4-wando-grove-st-kilda-east-vic-3183-16098295,7474.37,758.65,3183,290.0
743,1-296-inkerman-st-st-kilda-east-vic-3183-16106154,6606.05,632.0,3183,385.0
744,102-190-alma-rd-st-kilda-east-vic-3183-16098637,7055.85,693.41,3183,550.0
745,9a-rosamond-street-balaclava-vic-3183-16098659,6326.45,630.17,3183,780.0
746,8-9-celeste-court-st-kilda-east-vic-3183-16109885,7322.12,725.62,3183,300.0
747,1-5-te-arai-ave-st-kilda-east-vic-3183-16103327,7401.22,740.2,3183,525.0
748,1-kalymna-grove-st-kilda-east-vic-3183-16110858,7029.09,667.83,3183,800.0
749,89b-ruskin-street-elwood-vic-3184-16092997,6822.41,713.11,3184,1200.0
750,4-19-milton-street-elwood-vic-3184-16106784,6772.93,708.45,3184,550.0
751,6-25-dickens-street-elwood-vic-3184-16099687,6468.88,690.54,3184,490.0
752,5-111-ruskin-street-elwood-vic-3184-16104155,7023.1,711.04,3184,800.0
753,1-9-robert-st-elwood-vic-3184-16108685,7179.0,728.48,3184,325.0
754,9-40-ormond-road-elwood-vic-3184-16104855,7037.71,714.72,3184,330.0
755,1-9-poets-grove-elwood-vic-3184-16100027,7632.4,783.07,3184,590.0
756,1-1-ruskin-street-elwood-vic-3184-16106092,6205.42,617.21,3184,595.0
757,3-483-st-kilda-street-elwood-vic-3184-16094510,7988.6,805.98,3184,825.0
758,3-46-foam-street-elwood-vic-3184-16109685,7711.34,799.93,3184,490.0
759,3-22-wave-street-elwood-vic-3184-16095176,7395.71,763.59,3184,620.0
760,5-48-spray-street-elwood-vic-3184-16092133,7395.43,781.32,3184,390.0
761,7-51-55-goldsmith-street-elwood-vic-3184-16104905,7144.61,761.4,3184,1450.0
762,4-49a-tennyson-street-elwood-vic-3184-16109927,7144.53,719.17,3184,415.0
763,g07-12-14-dickens-street-elwood-vic-3184-16098537,6285.75,646.59,3184,425.0
764,1-151-glen-huntly-rd-elwood-vic-3184-16095357,7754.54,764.74,3184,400.0
765,7-54-tennyson-street-elwood-vic-3184-16106407,6764.32,706.38,3184,400.0
766,13-47-brighton-road-elwood-vic-3184-16099504,6051.79,598.73,3184,440.0
767,6-59-61-ormond-esplanade-elwood-vic-3184-16110347,7097.66,715.62,3184,770.0
768,3-24-26-burns-street-elwood-vic-3184-16092084,7594.57,734.92,3184,480.0
769,5-8-john-street-elwood-vic-3184-16106183,7261.55,756.97,3184,420.0
770,4-44-clarence-street-elsternwick-vic-3185-16110408,10932.59,948.28,3185,350.0
771,76-allison-road-elsternwick-vic-3185-16105190,9991.67,882.26,3185,1200.0
772,78-allison-road-elsternwick-vic-3185-16092486,9511.48,881.6,3185,730.0
773,7-162-brighton-road-ripponlea-vic-3185-16100540,8313.93,793.27,3185,395.0
774,4-22-allison-road-elsternwick-vic-3185-11212197,8969.12,823.6,3185,450.0
775,504-415-glen-huntly-road-elsternwick-vic-3185-16107407,8491.99,836.39,3185,399.0
776,1-540-glenhuntly-road-elsternwick-vic-3185-12838412,10022.27,907.87,3185,345.0
777,26-clarence-street-elsternwick-vic-3185-12646931,9468.4,940.25,3185,850.0
778,2-9-oak-grove-ripponlea-vic-3185-16100046,7272.34,753.18,3185,380.0
779,3-487-kooyong-road-elsternwick-vic-3185-16105411,11321.02,965.43,3185,295.0
780,7-6-ripon-grove-elsternwick-vic-3185-16100128,8629.89,847.58,3185,340.0
781,311-7-nepean-highway-elsternwick-vic-3185-16099376,8036.67,815.54,3185,420.0
782,4-22-magnolia-road-gardenvale-vic-3185-16109985,11825.78,1008.97,3185,245.0
783,5-297-st-kilda-street-brighton-vic-3186-16092184,9486.62,989.48,3186,450.0
784,33-campbell-street-brighton-vic-3186-16104223,9227.99,950.87,3186,1020.0
785,101-67-well-street-brighton-vic-3186-16091137,11631.87,1217.07,3186,1450.0
786,107-7-9-cowra-street-brighton-vic-3186-16103475,11089.04,1149.13,3186,600.0
787,148-bay-street-brighton-vic-3186-16111243,10048.63,1016.27,3186,1200.0
788,10-26-warleigh-grove-brighton-vic-3186-16111350,10455.33,1097.94,3186,595.0
789,4-14-enfield-road-brighton-vic-3186-16106550,10728.02,1131.89,3186,450.0
790,3-21-brickwood-st-brighton-vic-3186-16109290,8899.0,977.69,3186,510.0
791,2-876-hampton-street-brighton-vic-3186-16109894,13084.12,1165.97,3186,650.0
792,310-380-bay-street-brighton-vic-3186-16097678,10751.47,1096.46,3186,675.0
793,145a-church-street-brighton-vic-3186-16108276,11399.06,1161.2,3186,595.0
794,5-32-bay-street-brighton-vic-3186-16104811,9315.88,977.81,3186,810.0
795,8-yuille-street-brighton-vic-3186-16105002,12680.7,1279.84,3186,870.0
796,1-huntley-street-brighton-vic-3186-16110309,8047.84,823.14,3186,1150.0
797,26-cummins-road-brighton-east-vic-3187-16105212,15792.99,1406.68,3187,690.0
798,2-mayrose-crescent-brighton-east-vic-3187-16103263,12752.81,1288.89,3187,1090.0
799,2-10-alford-street-brighton-east-vic-3187-16094684,11600.84,1184.65,3187,620.0
800,16a-plunket-street-brighton-east-vic-3187-16099058,14886.03,1292.96,3187,1400.0
801,20a-burwah-avenue-brighton-east-vic-3187-16103434,14798.81,1275.4,3187,1250.0
802,238a-were-street-brighton-east-vic-3187-16110215,13782.72,1418.99,3187,1699.0
803,2b-parker-st-brighton-east-vic-3187-16091552,15012.29,1291.76,3187,975.0
804,g01-43-crisp-street-hampton-vic-3188-16104598,14936.62,1504.44,3188,1200.0
805,207-2-willis-lane-hampton-east-vic-3188-16093050,14328.25,1418.73,3188,320.0
806,316b-south-road-hampton-east-vic-3188-16101248,15675.9,1513.16,3188,900.0
807,6-518-bluff-rd-hampton-vic-3188-16103170,15679.93,1478.02,3188,350.0
808,209-427-hampton-street-hampton-vic-3188-16108518,13904.04,1351.08,3188,350.0
809,78a-teddington-road-hampton-vic-3188-16105795,15583.08,1489.59,3188,1100.0
810,5-45-grenville-street-hampton-vic-3188-16094685,14071.86,1373.55,3188,795.0
811,205-6-dart-street-highett-vic-3190-16096414,18539.47,1689.1,3190,480.0
812,49-spring-road-highett-vic-3190-16111073,17327.71,1609.01,3190,495.0
813,208-20-station-street-highett-vic-3190-16092254,18829.11,1745.02,3190,500.0
814,46a-46b-turner-road-highett-vic-3190-16109315,21894.14,1819.19,3190,995.0
815,22a-tweed-st-highett-vic-3190-16103736,17319.87,1615.41,3190,770.0
816,124-abbott-st-sandringham-vic-3191-16111338,16224.99,1565.66,3191,795.0
817,3-198-bluff-road-sandringham-vic-3191-16100496,17403.13,1674.18,3191,420.0
818,803-222-bay-road-sandringham-vic-3191-16103691,18114.16,1660.65,3191,390.0
819,217-222-bay-road-sandringham-vic-3191-16103690,18114.16,1660.65,3191,390.0
820,3-188-bay-road-sandringham-vic-3191-16112438,17737.73,1629.6,3191,630.0
821,8-grange-road-sandringham-vic-3191-15431555,16032.51,1592.72,3191,1300.0
822,201-26-30-waltham-street-sandringham-vic-3191-16102732,15267.79,1502.75,3191,500.0
823,4-264-bluff-road-sandringham-vic-3191-16092529,17969.64,1637.92,3191,550.0
824,19-norwood-st-sandringham-vic-3191-16094744,16558.46,1596.25,3191,1500.0
825,6-fairview-drive-cheltenham-vic-3192-16111130,20639.63,1898.79,3192,795.0
826,610-2-6-railway-road-cheltenham-vic-3192-16092472,22206.65,2012.07,3192,450.0
827,3-529-balcombe-rd-black-rock-vic-3193-16100369,19064.62,1809.22,3193,550.0
828,6-mckay-avenue-black-rock-vic-3193-16110627,17683.21,1695.91,3193,850.0
829,72b-ardoyne-st-black-rock-vic-3193-16109670,19333.5,1830.9,3193,1200.0
830,17-fourth-street-black-rock-vic-3193-16108263,19196.85,1821.6,3193,1100.0
831,23-milan-street-mentone-vic-3194-16094642,23494.53,2201.57,3194,1300.0
832,1-26-patty-street-mentone-vic-3194-16106737,21940.07,2056.11,3194,460.0
833,2-41-albenca-street-mentone-vic-3194-15355277,25844.66,2278.38,3194,430.0
834,40-kokoda-place-mordialloc-vic-3195-16096229,27305.68,2469.89,3195,550.0
835,14-rosella-road-parkdale-vic-3195-16103628,26108.71,2345.64,3195,1100.0
836,3-20-parkers-rd-parkdale-vic-3195-16096970,25140.95,2265.44,3195,550.0
837,3-119-mcdonald-st-mordialloc-vic-3195-16111302,27096.88,2471.93,3195,370.0
838,10-216-station-street-edithvale-vic-3196-14486078,30773.88,2791.69,3196,440.0
839,40-berry-avenue-edithvale-vic-3196-16105305,31944.09,2903.76,3196,575.0
840,5-8-10-turakina-avenue-edithvale-vic-3196-16104021,31065.55,2847.9,3196,350.0
841,2-62-screen-street-frankston-vic-3199-16094995,57580.49,3126.78,3199,440.0
842,44-bushlark-drive-carrum-downs-vic-3201-16097673,52857.14,2743.91,3201,480.0
843,g06-3-claire-street-mckinnon-vic-3204-15344621,15257.11,1291.1,3204,550.0
844,6-4-holloway-street-ormond-vic-3204-16099235,14166.72,1213.68,3204,305.0
845,2-7-ormond-road-ormond-vic-3204-16096904,14371.53,1245.79,3204,575.0
846,g07-3-claire-street-mckinnon-vic-3204-15478778,15257.11,1291.1,3204,560.0
847,9-clapperton-street-bentleigh-vic-3204-16092512,14751.99,1228.69,3204,760.0
848,107-324-centre-road-bentleigh-vic-3204-16094020,15360.87,1265.59,3204,560.0
849,6-47-wheeler-st-ormond-vic-3204-16098675,14338.41,1200.63,3204,525.0
850,147-patterson-road-bentleigh-vic-3204-16099099,17584.51,1461.62,3204,1050.0
851,1-210-tucker-road-bentleigh-vic-3204-16103255,16400.14,1377.26,3204,650.0
852,2-45-queen-street-ormond-vic-3204-16101296,13902.67,1157.76,3204,1200.0
853,2-29-wheeler-street-ormond-vic-3204-16107896,14476.14,1217.15,3204,600.0
854,g02-236-jasper-road-mckinnon-vic-3204-16111151,15400.05,1290.82,3204,550.0
855,2-9-lillimur-road-ormond-vic-3204-16107547,14141.13,1205.73,3204,300.0
856,8-bevan-street-ormond-vic-3204-16111581,13366.87,1132.47,3204,1500.0
857,165-patterson-road-bentleigh-vic-3204-16096720,17756.61,1454.47,3204,930.0
858,907-37-39-park-street-south-melbourne-vic-3205-15842582,2731.0,364.23,3205,620.0
859,3-56-smith-street-south-melbourne-vic-3205-16105162,892.92,149.27,3205,480.0
860,209-97-palmerston-crescent-south-melbourne-vic-3205-16099232,2710.92,336.52,3205,400.0
861,406-75-palmerston-crescent-south-melbourne-vic-3205-16093654,2964.34,382.51,3205,425.0
862,152-nelson-road-south-melbourne-vic-3205-16106350,843.89,149.17,3205,1000.0
863,1207-39-park-street-south-melbourne-vic-3205-16093617,2731.0,364.23,3205,585.0
864,84-palmerston-crescent-south-melbourne-vic-3205-16106315,2762.19,356.29,3205,550.0
865,409-85-market-street-south-melbourne-vic-3205-16092256,2115.41,266.51,3205,495.0
866,24-henderson-street-south-melbourne-vic-3205-16091414,553.33,98.23,3205,745.0
867,7-2-heather-street-south-melbourne-vic-3205-16094728,2427.6,293.85,3205,750.0
868,south-melbourne-vic-3205-15842582,2341.97,279.16,3205,620.0
869,2604-89-gladstone-street-south-melbourne-vic-3205-16097179,1781.86,227.45,3205,430.0
870,72b-napier-street-south-melbourne-vic-3205-16109558,2543.84,310.81,3205,495.0
871,311-39-park-street-south-melbourne-vic-3205-16109887,2731.0,364.23,3205,600.0
872,511-37-39-park-street-south-melbourne-vic-3205-16111490,2753.21,366.0,3205,600.0
873,303-88-beaconsfield-parade-albert-park-vic-3206-16095682,1278.55,134.87,3206,1100.0
874,33-nimmo-street-middle-park-vic-3206-16111553,1998.44,260.72,3206,865.0
875,43-bevan-street-albert-park-vic-3206-16109623,1463.15,176.31,3206,470.0
876,503-147-beach-street-port-melbourne-vic-3207-16113115,2603.36,321.27,3207,1100.0
877,66-spring-street-east-port-melbourne-vic-3207-16111770,743.26,127.17,3207,785.0
878,17-120-princes-street-port-melbourne-vic-3207-16101214,1338.57,209.6,3207,650.0
879,5-princes-place-port-melbourne-vic-3207-16095122,1505.31,240.11,3207,500.0
880,7-2-graham-street-port-melbourne-vic-3207-16107609,484.76,71.05,3207,390.0
881,1-08-91-dow-street-port-melbourne-vic-3207-16108681,934.99,154.08,3207,400.0
882,508-216-rouse-street-port-melbourne-vic-3207-16108824,1072.39,174.85,3207,650.0
883,60-spring-street-east-port-melbourne-vic-3207-16113151,730.07,122.9,3207,760.0
884,84-nott-street-port-melbourne-vic-3207-16112150,1226.9,211.93,3207,850.0
885,13-raglan-street-port-melbourne-vic-3207-16096777,845.39,150.43,3207,645.0
886,305-115-nott-street-port-melbourne-vic-3207-16105599,1240.0,212.93,3207,700.0
887,4-71-esplanade-west-port-melbourne-vic-3207-16092101,368.86,56.51,3207,470.0
888,1-368-graham-street-port-melbourne-vic-3207-16093260,1717.2,217.57,3207,740.0
889,135-spring-street-west-port-melbourne-vic-3207-16110342,987.82,149.88,3207,750.0
890,2-hailar-lane-lara-vic-3212-16107512,60615.16,2936.63,3212,480.0
891,100-settlement-road-belmont-vic-3216-16094466,87355.91,4101.29,3216,650.0
892,4-17-colac-gr-belmont-vic-3216-15755710,85777.77,3946.72,3216,400.0
893,10-chucklecreek-lane-armstrong-creek-vic-3217-16110820,91971.95,4459.18,3217,420.0
894,2-melville-avenue-geelong-west-vic-3218-16090991,76551.08,3739.59,3218,570.0
895,2-melville-avenue-newtown-vic-3220-16090991,76551.08,3739.59,3220,570.0
896,28-rimmington-way-rockbank-vic-3335-16099477,36573.54,1928.24,3335,380.0
897,6-cherry-cl-melton-west-vic-3337-16098222,48183.78,2601.07,3337,390.0
898,425-greenhalghs-road-delacombe-vic-3356-16104213,120643.34,5615.01,3356,435.0
899,38-vermont-street-wodonga-vic-3690-16093688,318267.22,13068.67,3690,420.0
900,29-2-hanlon-court-wodonga-vic-3690-16106894,318116.03,13077.69,3690,200.0
901,1-koetong-crescent-west-wodonga-vic-3690-16112153,316076.56,12864.05,3690,530.0
902,11-macquarie-road-wodonga-vic-3690-16100280,314363.06,12796.76,3690,450.0
903,4-25-melrose-drive-wodonga-vic-3690-12527064,315788.25,12842.82,3690,300.0
904,39-lawrence-street-wodonga-vic-3690-16114126,320257.13,13067.11,3690,420.0
905,2-147-lawrence-street-wodonga-vic-3690-16107639,319682.19,13021.9,3690,650.0
906,7-74-south-street-wodonga-vic-3690-16091669,317108.0,13022.53,3690,340.0
907,10-arnold-place-wodonga-vic-3690-16109206,318270.03,13088.39,3690,420.0
908,22-kiewa-east-road-tangambalanga-vic-3691-16101133,340657.28,14293.14,3691,580.0
909,283-mitta-north-road-eskdale-vic-3701-16100349,387064.97,16011.03,3701,300.0
910,7-mahla-ave-wollert-vic-3750-14803288,28561.03,2614.72,3750,410.0
911,35-mahla-avenue-wollert-vic-3750-16092524,28677.32,2642.63,3750,440.0
912,20-flourish-walk-doreen-vic-3754-16109319,38566.16,3278.73,3754,350.0
913,3-outlook-drive-kalorama-vic-3766-16093096,50581.68,3696.4,3766,520.0
914,9-oakley-street-mount-dandenong-vic-3767-16111799,50853.99,3799.28,3767,500.0
915,30-beluga-street-mount-eliza-vic-3930-16104711,72665.73,3796.99,3930,1900.0
916,71-balcombe-drive-mount-martha-vic-3934-16113110,73940.58,3657.8,3934,950.0
917,4-cirrus-close-hampton-park-vic-3976-16112856,46419.14,2693.25,3976,420.0
918,12-mccomb-lane-cranbourne-vic-3977-16106494,53534.84,2800.65,3977,435.0
